Avenal,California 
Sylvania,Ohio 
Barstow,California 
Highland Village,Texas 
Jamaica,New York 
Monsey,New York 
Northridge,California 
Orchards,Washington 
Westminster,Maryland 
West Hills,California 
Avenel,New Jersey 
South Old Bridge,New Jersey 
Acworth,Georgia 
North Olmsted,Ohio 
El Cerrito,California 
Casas Adobes,Arizona 
Augusta,Maine 
North Royalton,Ohio 
Attleboro,Massachusetts 
Ballenger Creek,Maryland 
Bensenville,Illinois 
Muskegon,Michigan 
Darien,Illinois 
Fountain,Colorado 
Saint Cloud,Florida 
Cohoes,New York 
West Lake Stevens,Washington 
Roselle,Illinois 
El Mirage,Arizona 
Owings Mills,Maryland 
Olathe,Kansas 
Anchorage,Alaska 
Hermitage,Pennsylvania 
Punta Gorda Isles,Florida 
Candler-McAfee,Georgia 
Green Valley,Arizona 
DeKalb,Illinois 
Sunny Isles Beach,Florida 
Brownsville,Florida 
Plymouth,Minnesota 
West Milford,New Jersey 
Easley,South Carolina 
Valley Station,Kentucky 
Jamestown,North Dakota 
Corpus Christi,Texas 
Galt,California 
Carlsbad,California 
Jacksonville,Florida 
Sunnyvale,California 
Vancouver,Washington 
McKinleyville,California 
Bonita Springs,Florida 
Lansdale,Pennsylvania 
Punta Gorda,Florida 
Rancho San Diego,California 
Dinuba,California 
Grosse Pointe Woods,Michigan 
Taylor,Michigan 
Cahokia,Illinois 
Roselle,New Jersey 
Pawtucket,Rhode Island 
College Station,Texas 
Sun City,California 
Goodlettsville,Tennessee 
Lake Worth,Florida 
Vineyard,California 
Pampa,Texas 
Chattanooga,Tennessee 
Carrollton, 
Dublin,Georgia 
Damascus,Maryland 
Bethesda,Maryland 
Port Charlotte,Florida 
Lavergne,Tennessee 
Linden,New Jersey 
Germantown,Wisconsin 
Hillsboro,Oregon 
Lafayette,Colorado 
Bentonville,Arkansas 
South Jordan Heights,Utah 
Tullahoma,Tennessee 
Shawnee,Oklahoma 
Foothill Farms,California 
Roseville,Michigan 
Wilmington Island,Georgia 
Grand Prairie,Texas 
Shakopee,Minnesota 
Dunwoody,Georgia 
Glendora,California 
Roanoke Rapids,North Carolina 
Iron River,Michigan 
Taunton,Massachusetts 
Carson,California 
Pleasantville,New Jersey 
McHenry,Illinois 
Kannapolis,North Carolina 
Sidney,Ohio 
Douglasville,Georgia 
Hibbing,Minnesota 
Great Falls,Montana 
Shreveport,Louisiana 
Simi Valley,California 
Iselin,New Jersey 
Piscataway,New Jersey 
Surprise,Arizona 
Brookings,South Dakota 
Forrest City,Arkansas 
Enid,Oklahoma 
Twinsburg,Ohio 
Carlisle,Pennsylvania 
Parole,Maryland 
Amsterdam,New York 
Lakewood,New Jersey 
Poplar Bluff,Missouri 
Romeoville,Illinois 
Batavia,New York 
Peekskill,New York 
Thomasville,North Carolina 
Seaside,California 
Newton,Massachusetts 
Paducah,Kentucky 
Superior,Wisconsin 
East Chicago,Indiana 
Mahwah,New Jersey 
Grafton,Massachusetts 
Piqua,Ohio 
El Cajon,California 
North Valley Stream,New York 
Ada,Oklahoma 
Butte,Montana 
Rahway,New Jersey 
Streetsboro,Ohio 
Mountain Brook,Alabama 
Galveston,Texas 
Branford,Connecticut 
Big Spring,Texas 
Corvallis,Oregon 
West Little River,Florida 
Springfield,Oregon 
North Highlands,California 
Antioch,California 
Anthem,Arizona 
Sioux Falls,South Dakota 
Irving,Connecticut 
Union Hill-Novelty Hill,Washington 
Rogers,Arkansas 
New Iberia,Louisiana 
Lancaster,Ohio 
Mukilteo,Washington 
Roswell,New Mexico 
SeaTac,Washington 
Mountain View,California 
Fairland,Maryland 
Navarre,Florida 
Tonawanda,New York 
Ken Caryl,Colorado 
Apopka,Florida 
Riverton,Utah 
North Babylon,New York 
Kettering,Ohio 
Salina,Kansas 
Winter Garden,Florida 
Rubidoux,California 
Fargo,North Dakota 
Easton,Pennsylvania 
North Charleston,South Carolina 
Broken Arrow,Oklahoma 
Haslett,Michigan 
Deer Park,New York 
Cedar Rapids,Iowa 
San Carlos,California 
Forest Hills,Michigan 
Farmington,New Mexico 
West New York,New Jersey 
Palm Springs,Florida 
Southfield,Michigan 
Tillmans Corner,Alabama 
Cranston,Rhode Island 
Palm Beach Gardens,Florida 
Springfield,Pennsylvania 
Kingman,Arizona 
Barnstable,Massachusetts 
Cedar Falls,Iowa 
Marion,Indiana 
King of Prussia,Pennsylvania 
Palmdale,California 
North Augusta,South Carolina 
Huntsville,Texas 
Indianapolis,Indiana 
Hacienda Heights,California 
Eggertsville,New York 
Atlantic City,New Jersey 
Brent,Florida 
Evergreen Park,Illinois 
Philadelphia,Pennsylvania 
Fort Pierce,Florida 
Mayfield Heights,Ohio 
Sycamore,Illinois 
Pearl,Mississippi 
Kings Park,New York 
Saint Charles,Missouri 
Murray,Utah 
Diamond Bar,California 
Valparaiso,Indiana 
Warner Robins,Georgia 
Silver Spring,Maryland 
Haverhill,Massachusetts 
Boston,Massachusetts 
Pinecrest,Florida 
Lafayette,Indiana 
Tooele,Utah 
Albemarle,North Carolina 
Maitland,Florida 
Round Lake,Illinois 
Agoura Hills,California 
Badger,Alaska 
South San Francisco,California 
Mundelein,Illinois 
Reading,Massachusetts 
Sahuarita,Arizona 
Bothell,Washington 
Natick,Massachusetts 
Cañon City,Colorado 
Drexel Heights,Arizona 
Murfreesboro,Tennessee 
Melbourne,Florida 
Redmond,Washington 
Kenosha,Wisconsin 
Montclair,California 
Alamogordo,New Mexico 
East New York,New York 
Parma,Ohio 
Valrico,Florida 
Arlington,Massachusetts 
Los Altos,California 
Spring Hill,Tennessee 
Rosemead,California 
Stockbridge,Georgia 
Orange,New Jersey 
Cliffside Park,New Jersey 
Camp Springs,Maryland 
Florence,Alabama 
Langley Park,Maryland 
Oroville,California 
Oak Harbor,Washington 
Milton,Georgia 
Prospect Heights,Illinois 
Seaford,New York 
Toledo,Ohio 
Bayshore Gardens,Florida 
East Millcreek,Utah 
Ottumwa,Iowa 
Poughkeepsie,New York 
Wheat Ridge,Colorado 
Buffalo,Minnesota 
Lenexa,Kansas 
Morganton,North Carolina 
Wayne,Michigan 
Weirton Heights,West Virginia 
Bartow,Florida 
Oakley,California 
Limerick,Pennsylvania 
American Fork,Utah 
Lake Havasu City,Arizona 
Battle Creek,Michigan 
Grand Rapids,Michigan 
Columbia,Maryland 
Searcy,Arkansas 
Ewing,New Jersey 
West Chester,Pennsylvania 
Artesia,California 
Melville,New York 
Hazel Park,Michigan 
Citrus Heights,California 
Georgetown,Kentucky 
Ocoee,Florida 
Eloy,Arizona 
Germantown,Maryland 
Massapequa Park,New York 
Brandon,Mississippi 
Cleveland,Ohio 
Salem,New Hampshire 
Ames,Iowa 
West Seneca,New York 
Boardman,Ohio 
Wasco,California 
Germantown,Tennessee 
Horn Lake,Mississippi 
West Hollywood,California 
Bloomington,Minnesota 
Wadsworth,Ohio 
Seabrook,Maryland 
Frankfort,Illinois 
West Whittier-Los Nietos,California 
Ridgeland,Mississippi 
North Fort Myers,Florida 
Richmond,Indiana 
Universal City,California 
Carol City,Florida 
Mequon,Wisconsin 
Coventry,Rhode Island 
Minnetonka,Minnesota 
Rancho Cordova,California 
Waukesha,Wisconsin 
Sayreville,New Jersey 
Cumberland,Maryland 
Sandy Springs,Georgia 
Durham,North Carolina 
Juneau,Alaska 
Fitchburg,Wisconsin 
Hermosa Beach,California 
West and East Lealman,Florida 
Bristol,Rhode Island 
Flagami,Florida 
Leominster,Massachusetts 
Maplewood,Minnesota 
Morton,Illinois 
Altus,Oklahoma 
Carrboro,North Carolina 
Donna,Texas 
South Euclid,Ohio 
Metairie,Louisiana 
Bartlett,Illinois 
South Elgin,Illinois 
Highland,California 
Lodi,California 
Nashville,Tennessee 
Ocean Acres,New Jersey 
Lauderdale Lakes,Florida 
Puyallup,Washington 
Clinton,Utah 
Avondale,Arizona 
Boulder City,Nevada 
Martinez,California 
Peabody,Massachusetts 
Villa Park,Illinois 
Erie,Colorado 
Ormond Beach,Florida 
Denver,Colorado 
Boynton Beach,Florida 
Drexel Hill,Pennsylvania 
East Independence,Missouri 
Hollister,California 
Brook Park,Ohio 
Azusa,California 
Santa Fe Springs,California 
Shelbyville,Indiana 
Irondequoit,New York 
Hermiston,Oregon 
Winthrop,Massachusetts 
Saint Charles,Maryland 
Wilkinsburg,Pennsylvania 
Tallmadge,Ohio 
Eagle,Idaho 
Alvin,Texas 
Hialeah Gardens,Florida 
Bryant,Arkansas 
Onalaska,Wisconsin 
Findlay,Ohio 
Mastic,New York 
Moorhead,Minnesota 
Coral Terrace,Florida 
Siloam Springs,Arkansas 
Lebanon,Indiana 
Cantonment,Florida 
Converse,Texas 
North Miami,Florida 
Cheektowaga,New York 
West Fargo,North Dakota 
Silverdale,Washington 
Wentzville,Missouri 
Farmingville,New York 
Ossining,New York 
Wasco,Illinois 
Woodmere,New York 
Baltimore,Maryland 
Tewksbury,Massachusetts 
North Plainfield,New Jersey 
Bremerton,Washington 
Shawnee,Kansas 
Makakilo City,Hawaii 
Shenandoah,Louisiana 
Hauppauge,New York 
Crest Hill,Illinois 
Altoona,Pennsylvania 
Plum,Pennsylvania 
West Lake Sammamish,Washington 
White Bear Lake,Minnesota 
Rolla,Missouri 
Youngstown,Ohio 
Pine Bluff,Arkansas 
Chalmette,Louisiana 
West Hartford,Connecticut 
South Ogden,Utah 
Bryn Mawr-Skyway,Washington 
West Warwick,Rhode Island 
Morristown,Tennessee 
Manhattan Beach,California 
Kearney,Nebraska 
Apex,North Carolina 
Syracuse,Utah 
Odenton,Maryland 
Dearborn Heights,Michigan 
West Islip,New York 
Oakville,Missouri 
Fort Walton Beach,Florida 
Chatsworth,California 
East Hemet,California 
West Melbourne,Florida 
Dixiana,Alabama 
Graham,Washington 
Hammond,Indiana 
Mason City,Iowa 
Waldorf,Maryland 
Bonney Lake,Washington 
Menomonie,Wisconsin 
Hutchinson,Kansas 
Johnson City,New York 
Bridgeton,New Jersey 
West Scarborough,Maine 
West Bloomfield Township,Michigan 
Somerset,New Jersey 
Yonkers,New York 
Salmon Creek,Washington 
Redmond,Oregon 
Clearfield,Utah 
Lebanon,Ohio 
Hazel Dell,Washington 
Temple City,California 
South Peabody,Massachusetts 
Fontana,California 
Sandusky,Ohio 
Redding,California 
Pikesville,Maryland 
Agoura,California 
Springdale,Arkansas 
Brentwood,California 
Elk Grove,California 
Shaker Heights,Ohio 
Auburn,New York 
West Sacramento,California 
Tupelo,Mississippi 
Cathedral City,California 
Lancaster,Pennsylvania 
South Saint Paul,Minnesota 
Conway,Arkansas 
Park Ridge,Illinois 
Perrysburg,Ohio 
South Whittier,California 
Hawthorne,New Jersey 
Mint Hill,North Carolina 
Highland Park,Illinois 
Delaware,Ohio 
Las Vegas,Nevada 
Saugus,Massachusetts 
West Coon Rapids,Minnesota 
Ashland,Massachusetts 
Greenwood,South Carolina 
Overland,Missouri 
South Hill,Washington 
Avon Lake,Ohio 
Forest Park,Ohio 
West Gulfport,Mississippi 
Auburn,Maine 
Oakland,California 
Mineola,New York 
North Ridgeville,Ohio 
Hope Mills,North Carolina 
Blue Springs,Missouri 
Allen,Texas 
Homer Glen,Illinois 
Oak Park,Illinois 
West Hempstead,New York 
Lawton,Oklahoma 
Mableton,Georgia 
Butte-Silver Bow (Balance),Montana 
Marana,Arizona 
Lynnwood,Washington 
Poinciana,Florida 
Neenah,Wisconsin 
Zion,Illinois 
Pittsburg,California 
Spanaway,Washington 
Palo Alto,California 
Bountiful,Utah 
Perris,California 
Athens,Ohio 
Pelham,Alabama 
Wellington,Florida 
Milpitas,California 
Pine Hills,Florida 
Concord,North Carolina 
Moraga,California 
Huntersville,North Carolina 
Hanover,Pennsylvania 
Mandan,North Dakota 
Miami Lakes,Florida 
Golden,Colorado 
Carrollwood,Florida 
Fairfield Heights,Indiana 
Fairhope,Alabama 
El Monte,California 
Fountain Hills,Arizona 
Lakeland,Florida 
Lodi,New Jersey 
Del Rio,Texas 
Tigard,Oregon 
Duluth,Georgia 
Dickinson,North Dakota 
Albany,Georgia 
New Milford,New Jersey 
Jamestown,New York 
Cottonwood Heights,Utah 
Willingboro,New Jersey 
Bartlesville,Oklahoma 
Tucker,Georgia 
Ashwaubenon,Wisconsin 
Milledgeville,Georgia 
Pleasure Ridge Park,Kentucky 
Clinton,Michigan 
Folsom,California 
Eagle Pass,Texas 
Maywood,Illinois 
Lewiston,Idaho 
Tarpon Springs,Florida 
Bourbonnais,Illinois 
West Raleigh,North Carolina 
Panama City,Florida 
Lafayette,Louisiana 
Daytona Beach,Florida 
Greenfield,California 
Dodge City,Kansas 
South Orange,New Jersey 
South Burlington,Vermont 
North Chicopee,Massachusetts 
Erlanger,Kentucky 
Libertyville,Illinois 
Sheboygan,Wisconsin 
Collierville,Tennessee 
Fairview Park,Ohio 
Rome,New York 
Blythe,California 
Biloxi,Mississippi 
Castaic,California 
West Allis,Wisconsin 
Mustang,Oklahoma 
Beavercreek,Ohio 
Paradise,California 
Birmingham,Michigan 
Casa Grande,Arizona 
Hayesville,Oregon 
Shoreview,Minnesota 
Abilene,Texas 
Geneva,Illinois 
Tallahassee,Florida 
Porterville,California 
Lindenhurst,New York 
Duarte,California 
La Grange,Georgia 
Elmira,New York 
North Las Vegas,Nevada 
Hot Springs,Arkansas 
East Rancho Dominguez,California 
Ansonia,Connecticut 
Bristol,Tennessee 
Bergenfield,New Jersey 
San Juan Capistrano,California 
Ardmore,Oklahoma 
South Milwaukee,Wisconsin 
Wallingford Center,Connecticut 
Sand Springs,Oklahoma 
Sebastian,Florida 
Tahlequah,Oklahoma 
Scottsbluff,Nebraska 
Eastpointe,Michigan 
Wethersfield,Connecticut 
Cudahy,California 
Port Saint Lucie,Florida 
Schererville,Indiana 
Lake Stevens,Washington 
Livingston,New Jersey 
North Bethesda,Maryland 
Novi,Michigan 
Slidell,Louisiana 
Rowland Heights,California 
Holbrook,New York 
Strongsville,Ohio 
Ferndale,Michigan 
Brooklyn Center,Minnesota 
Mokena,Illinois 
Buffalo,New York 
Hanover,Massachusetts 
Hazleton,Pennsylvania 
Albert Lea,Minnesota 
Yuba City,California 
Milford Mill,Maryland 
Jackson,New Jersey 
Cranberry Township,Pennsylvania 
Sherwood,Oregon 
Monroe,North Carolina 
Greenwood,Mississippi 
Olive Branch,Mississippi 
Springfield,Tennessee 
Oxford,Ohio 
South Gate,California 
Winona,Minnesota 
Randolph,Massachusetts 
Lansing,Illinois 
Richmond West,Florida 
Tempe,Arizona 
Penn Hills,Pennsylvania 
Spring Hill,Florida 
San Jacinto,California 
South Pasadena,California 
West Odessa,Texas 
Arlington,Washington 
Amherst,New York 
Arlington,Texas 
Wisconsin Rapids,Wisconsin 
Farmington Hills,Michigan 
Catonsville,Maryland 
Batavia,Illinois 
Bellingham,Washington 
East Los Angeles,California 
Aberdeen,Washington 
Kirkland,Washington 
Laplace,Louisiana 
Reedley,California 
Huntington,New York 
Newport Beach,California 
Chaska,Minnesota 
Kendall West, 
Middleton,Wisconsin 
Hastings,Minnesota 
Mesa,Arizona 
Cameron Park,California 
Burlington,Massachusetts 
Claremont,California 
Washington,Utah 
Laramie,Wyoming 
Arnold,Maryland 
Austintown,Ohio 
Barstow Heights,California 
Bolingbrook,Illinois 
Saint Matthews,Kentucky 
Dixon,California 
Skokie,Illinois 
Fort Worth,Texas 
Bayside,California 
Vestavia Hills,Alabama 
Rolling Meadows,Illinois 
Gardner,Massachusetts 
Fort Thomas,Kentucky 
Pueblo,Colorado 
Fairfield,Ohio 
Arbutus,Maryland 
American Canyon,California 
Tustin,California 
Dunedin,Florida 
Millcreek,Utah 
Leesburg,Florida 
Claremore,Oklahoma 
Sayreville Junction,New Jersey 
Cudahy,Wisconsin 
Spring Valley,Nevada 
Cheshire,Connecticut 
Calumet City,Illinois 
Melrose,Massachusetts 
Alliance,Ohio 
Clayton,Missouri 
Fillmore,California 
Homewood,Illinois 
Huntington,Indiana 
Hinsdale,Illinois 
West Pensacola,Florida 
Centennial,Colorado 
Clovis,New Mexico 
Portsmouth,Rhode Island 
Fairview Heights,Illinois 
Sartell,Minnesota 
Atascocita,Texas 
Lee's Summit,Missouri 
Saratoga Springs,Utah 
Bainbridge Island,Washington 
Lawrenceville,Georgia 
South San Jose Hills,California 
Benicia,California 
Mankato,Minnesota 
Brea,California 
Paterson,New Jersey 
Edmond,Oklahoma 
South Portland Gardens,Maine 
Hollywood,Florida 
Oceanside,New York 
Crystal,Minnesota 
Buenaventura Lakes,Florida 
Four Corners,Oregon 
Tulsa,Oklahoma 
Sun City West,Arizona 
Wilmington,Delaware 
New Albany,Indiana 
Lake Forest,Illinois 
San Diego,California 
Franklin Park,Illinois 
Riverview,Florida 
Mason,Ohio 
East Patchogue,New York 
Westland,Michigan 
Socorro,Texas 
Norwood,Massachusetts 
Loveland,Colorado 
East Concord,New Hampshire 
Kent,Ohio 
Wildwood,Missouri 
Florence-Graham,California 
Five Corners,Washington 
East Chattanooga,Tennessee 
Denison,Texas 
Grand Island,Nebraska 
Florida Ridge,Florida 
Windsor,Colorado 
Midvale,Utah 
Lexington,North Carolina 
Cicero,Illinois 
Appleton,Wisconsin 
Tanque Verde,Arizona 
El Reno,Oklahoma 
Brenham,Texas 
Forest Lake,Minnesota 
Casper,Wyoming 
Liberal,Kansas 
Berwyn,Illinois 
Stillwater,Minnesota 
Goodings Grove,Illinois 
Cape Coral,Florida 
Wilkes-Barre,Pennsylvania 
Newnan,Georgia 
Ensley,Florida 
Jeffersonville,Indiana 
Chanhassen,Minnesota 
Calabasas,California 
Lackawanna,New York 
Smithfield,Rhode Island 
Ludlow,Massachusetts 
Pittsburg,Kansas 
Rialto,California 
Oildale,California 
Hialeah,Florida 
Florence,Kentucky 
Medina,Ohio 
Mount Laurel,New Jersey 
Saint Louis Park,Minnesota 
Amarillo,Texas 
Romulus,Michigan 
West Covina,California 
Horizon City,Texas 
Memphis,Tennessee 
Longmont,Colorado 
Jackson,Mississippi 
Richland,Washington 
Hazelwood,Missouri 
Bedford,Texas 
Auburn Hills,Michigan 
Scottsdale,Arizona 
Rochester,Minnesota 
Agawam,Massachusetts 
Twentynine Palms,California 
North Miami Beach,Florida 
Redlands,California 
Sierra Vista,Arizona 
Camarillo,California 
Buckeye,Arizona 
Royal Palm Beach,Florida 
Eagle River,Alaska 
Sunrise Manor,Nevada 
Dover,New Hampshire 
Baton Rouge,Louisiana 
Baytown,Texas 
Jacksonville,Arkansas 
Brownsburg,Indiana 
Scotch Plains,New Jersey 
Salisbury,Maryland 
Carrollton,Texas 
Hamilton,Ohio 
Fall River,Massachusetts 
San Carlos Park,Florida 
Cumberland,Rhode Island 
Madison,New Jersey 
Golden Gate,Florida 
Issaquah,Washington 
Fort Dodge,Iowa 
Coon Rapids,Minnesota 
Palm Bay,Florida 
Socastee,South Carolina 
Old Bridge,New Jersey 
Westbrook,Maine 
Dolton,Illinois 
South Lake Tahoe,California 
Mount Pleasant,Michigan 
Newport,Kentucky 
North Platte,Nebraska 
Ashland,Oregon 
Fond du Lac,Wisconsin 
Blaine,Minnesota 
Eagan,Minnesota 
Savannah,Georgia 
Burlington,Vermont 
Jackson,Tennessee 
Fountain Valley,California 
West Elkridge,Maryland 
Kingston,New York 
Thomasville,Georgia 
Pittsfield,Massachusetts 
San Fernando,California 
Statesville,North Carolina 
Bridgewater,New Jersey 
Jupiter,Florida 
South Hadley,Massachusetts 
Clarksville,Tennessee 
Stanton,California 
Castle Rock,Colorado 
Asheville,North Carolina 
Northglenn,Colorado 
Kaukauna,Wisconsin 
Hallandale Beach,Florida 
Rockland,Massachusetts 
Selma,California 
Lakewood,Colorado 
Stoneham,Massachusetts 
Faribault,Minnesota 
Patterson,California 
Fairwood,Washington 
Arlington Heights,Illinois 
Newton,Iowa 
Lemay,Missouri 
Fremont,Ohio 
Aberdeen,South Dakota 
Rotterdam,New York 
Fair Lawn,New Jersey 
Americus,Georgia 
Needham,Massachusetts 
Lakewood,Washington 
Marquette,Michigan 
Gretna,Louisiana 
Aventura,Florida 
Oviedo,Florida 
Saint Peters,Missouri 
Oxnard,California 
Southglenn,Colorado 
Rosedale,Maryland 
Frisco,Texas 
Trenton,Michigan 
Ojus,Florida 
Lake Ronkonkoma,New York 
Kingsport,Tennessee 
Golden Valley,Minnesota 
Dalton,Georgia 
Bay Point,California 
Grandville,Michigan 
Macomb,Illinois 
Mount Vernon,Washington 
Southbridge,Massachusetts 
Chester,Pennsylvania 
Benbrook,Texas 
Temecula,California 
Mamaroneck,New York 
New Philadelphia,Ohio 
Takoma Park,Maryland 
Torrance,California 
Utica,New York 
Stillwater,Oklahoma 
Schenectady,New York 
Dayton,Ohio 
New Castle,Indiana 
Oak Ridge,Tennessee 
Cortland,New York 
Wilmington,Massachusetts 
Kearns,Utah 
Prescott Valley,Arizona 
Jackson,Michigan 
Calexico,California 
Goose Creek,South Carolina 
Caldwell,Idaho 
Four Corners,Florida 
Elmont,New York 
Manchester,Missouri 
Rock Springs,Wyoming 
South Bradenton,Florida 
Santa Clarita,California 
Rockford,Illinois 
Bessemer,Alabama 
Billings,Montana 
Winter Haven,Florida 
Chowchilla,California 
Hillcrest Heights,Maryland 
Salem,Oregon 
Catalina Foothills,Arizona 
Lyndhurst,New Jersey 
Valdosta,Georgia 
East Massapequa,New York 
Noblesville,Indiana 
Fort Hood,Texas 
Martha Lake,Washington 
South River,New Jersey 
Cedar Hill,Texas 
Kirkwood,Missouri 
Texarkana,Arkansas 
Highland,Indiana 
Cocoa,Florida 
Costa Mesa,California 
Simpsonville,South Carolina 
Silver Lake,California 
Woodbridge,New Jersey 
LaPorte,Indiana 
Prescott,Arizona 
Modesto,California 
Ruskin,Florida 
Willimantic,Connecticut 
Silver Firs,Washington 
Mountlake Terrace,Washington 
Bloomington,California 
Lake Magdalene,Florida 
Uniondale,New York 
Oregon City,Oregon 
East Pensacola Heights,Florida 
Nampa,Idaho 
Union City,California 
Greensboro,North Carolina 
Tampa,Florida 
Spanish Fork,Utah 
Taylors,South Carolina 
Security-Widefield,Colorado 
Athens,Georgia 
Altamonte Springs,Florida 
Chickasha,Oklahoma 
Pembroke Pines,Florida 
San Leandro,California 
Mount Lebanon,Pennsylvania 
Sudbury,Massachusetts 
Marysville,Ohio 
Midland,Texas 
Calhoun,Georgia 
Sun Valley,Nevada 
Maywood,California 
Saratoga Springs,New York 
Farmington,Utah 
Raymore,Missouri 
Lithia Springs,Georgia 
Phoenixville,Pennsylvania 
Pacifica,California 
Mooresville,North Carolina 
Pensacola,Florida 
Granite City,Illinois 
Stoughton,Massachusetts 
Minot,North Dakota 
Clive,Iowa 
Houston,Texas 
Granite Bay,California 
Laurinburg,North Carolina 
Statesboro,Georgia 
Trenton,New Jersey 
Alice,Texas 
York,Pennsylvania 
Maryville,Tennessee 
Pahrump,Nevada 
Bloomington,Illinois 
Northbrook,Illinois 
Ellicott City,Maryland 
North Druid Hills,Georgia 
Eastlake,Ohio 
Cupertino,California 
Lake Butler,Florida 
Levittown,Pennsylvania 
Lexington,South Carolina 
Redondo Beach,California 
Ellensburg,Washington 
Greater Northdale,Florida 
Arvin,California 
Bayonet Point,Florida 
Buena Park,California 
Barberton,Ohio 
Lehigh Acres,Florida 
Ferguson,Missouri 
Centerville,Utah 
Fayetteville,Georgia 
Wausau,Wisconsin 
Union City,New Jersey 
Allentown,Pennsylvania 
Greenfield,Indiana 
Hobart,Indiana 
Sherman Oaks,California 
Leawood,Kansas 
Florence,South Carolina 
Crestview,Florida 
Oxnard Shores,California 
Orland Park,Illinois 
Del City,Oklahoma 
Benton,Arkansas 
Warren,Michigan 
Dana Point,California 
Brookfield,Wisconsin 
Stuart,Florida 
Saint Paul,Minnesota 
Blytheville,Arkansas 
Greenville,Texas 
Santa Paula,California 
Corona,California 
Lincoln Park,Michigan 
Orlando,Florida 
Inglewood,California 
Lebanon,Pennsylvania 
Maple Heights,Ohio 
San Bernardino,California 
Dundalk,Maryland 
Palos Hills,Illinois 
Carney,Maryland 
Bartlett,Tennessee 
Easthampton,Massachusetts 
Watertown,South Dakota 
Hoboken,New Jersey 
McKeesport,Pennsylvania 
Fair Oaks,California 
Belle Glade,Florida 
Westfield,New Jersey 
Doral,Florida 
Detroit,Michigan 
Park Forest,Illinois 
Sun City,Arizona 
Cape Girardeau,Missouri 
Atwater,California 
Copperas Cove,Texas 
Pullman,Washington 
Plattsburgh,New York 
Anderson,South Carolina 
Caledonia,Wisconsin 
Haines City,Florida 
Southaven,Mississippi 
Pleasanton,California 
Dumont,New Jersey 
Saint George,Utah 
West Albany,New York 
Orange,California 
East Ridge,Tennessee 
Monrovia,California 
Clearwater,Florida 
Sammamish,Washington 
Loves Park,Illinois 
Wailuku,Hawaii 
Saint Cloud,Minnesota 
La Grange,Illinois 
Glassmanor,Maryland 
Clearlake,California 
Cinco Ranch,Texas 
Columbus,Indiana 
Rapid City,South Dakota 
Ironville,Kentucky 
Savage,Minnesota 
O'Fallon,Missouri 
Suitland,Maryland 
Severna Park,Maryland 
Jersey City,New Jersey 
Dublin,Ohio 
Tinton Falls,New Jersey 
Portage,Indiana 
Concord,New Hampshire 
Florissant,Missouri 
Newark,California 
Lynn,Massachusetts 
Streamwood,Illinois 
Janesville,Wisconsin 
Lisle,Illinois 
Monroe,Louisiana 
Long Beach,California 
Elgin,Illinois 
Fort Bragg,North Carolina 
Oro Valley,Arizona 
Riverside,California 
Canby,Oregon 
Fort Lee,New Jersey 
Peachtree City,Georgia 
Tuscaloosa,Alabama 
Portage,Michigan 
Fort Lauderdale,Florida 
Campbell,California 
West Jordan,Utah 
Jasper,Indiana 
Port Huron,Michigan 
Maple Shade,New Jersey 
Radcliff,Kentucky 
Lumberton,North Carolina 
Shively,Kentucky 
Dix Hills,New York 
Greenfield,Wisconsin 
Ham Lake,Minnesota 
Union,New Jersey 
Wilmington,North Carolina 
Coos Bay,Oregon 
Friendswood,Texas 
McDonough,Georgia 
Daly City,California 
Everett,Massachusetts 
Pascagoula,Mississippi 
South Holland,Illinois 
Ashland,California 
The Crossings,Florida 
Elmwood Park,Illinois 
Clifton,New Jersey 
Bangor,Maine 
Ballwin,Missouri 
Fords,New Jersey 
Menasha,Wisconsin 
West Saint Paul,Minnesota 
San Tan Valley,Arizona 
White Oak,Maryland 
East Setauket,New York 
Burlingame,California 
Helena,Alabama 
Fayetteville,North Carolina 
Culver City,California 
Federal Way,Washington 
Alamo,Texas 
Morton Grove,Illinois 
Woodburn,Oregon 
Hempstead,New York 
Seymour,Indiana 
Fernley,Nevada 
Manteca,California 
Lynwood,California 
San Pablo,California 
University Place,Washington 
Terre Haute,Indiana 
Ruston,Louisiana 
Fairborn,Ohio 
Baldwin Park,California 
Mehlville,Missouri 
Littleton,Colorado 
Frederick,Maryland 
Jonesboro,Arkansas 
Randallstown,Maryland 
Mount Vernon,New York 
Columbus,Mississippi 
Roswell,Georgia 
Westport,Connecticut 
Keizer,Oregon 
San Ramon,California 
Duncanville,Texas 
Roseville,Minnesota 
Parkland,Washington 
South Miami Heights,Florida 
Bostonia,California 
Murrysville,Pennsylvania 
Coral Springs,Florida 
Easton,Massachusetts 
Allendale,Michigan 
Napa,California 
Coney Island,New York 
Pontiac,Michigan 
Ann Arbor,Michigan 
Bethel Park,Pennsylvania 
Hurst,Texas 
Algonquin,Illinois 
Marion,Iowa 
Rio Rancho,New Mexico 
Largo,Florida 
Addison,Illinois 
Willowbrook,California 
Pace,Florida 
Starkville,Mississippi 
North Little Rock,Arkansas 
Windham,Connecticut 
Shirley,New York 
Houma,Louisiana 
Raytown,Missouri 
Broad Ripple,Indiana 
Santa Maria,California 
Ontario,California 
Merrimack,New Hampshire 
Newburgh,New York 
Bellevue,Washington 
Prattville,Alabama 
Spanish Lake,Missouri 
Hanover Park,Illinois 
Troy,Ohio 
Brentwood,Tennessee 
Chapel Hill,North Carolina 
Seminole,Florida 
Wantagh,New York 
Northport,Alabama 
Elizabeth,New Jersey 
Martinez,Georgia 
Castlewood,Colorado 
Payson,Arizona 
Chicago Heights,Illinois 
Pomona,California 
Hopatcong Hills,New Jersey 
North Massapequa,New York 
Encinitas,California 
Woodland,California 
Palm Desert,California 
Depew,New York 
Cottage Grove,Minnesota 
Avocado Heights,California 
Myrtle Beach,South Carolina 
Brownsville,Texas 
Bryan,Texas 
Oak Creek,Wisconsin 
Jacksonville,North Carolina 
Belton,Texas 
The Villages,Florida 
Lealman,Florida 
Daphne,Alabama 
Oakland Park,Florida 
Gallup,New Mexico 
Corcoran,California 
Southgate,Michigan 
Papillion,Nebraska 
St. Louis,Missouri 
Bettendorf,Iowa 
Anoka,Minnesota 
Venice,Florida 
New Brunswick,New Jersey 
Socorro Mission Number 1 Colonia,Texas 
Ottawa,Illinois 
Albany,California 
Marion,Illinois 
Seven Oaks,South Carolina 
Dracut,Massachusetts 
Mesquite,Nevada 
Lynn Haven,Florida 
Fremont,California 
Grants Pass,Oregon 
Midland,Michigan 
Conroe,Texas 
Carteret,New Jersey 
Matthews,North Carolina 
Schofield Barracks,Hawaii 
Idaho Falls,Idaho 
North Potomac,Maryland 
Sun Prairie,Wisconsin 
Cary,North Carolina 
Saginaw,Michigan 
Gadsden,Alabama 
Scarsdale,New York 
Ponte Vedra Beach,Florida 
Muskego,Wisconsin 
Middleburg Heights,Ohio 
Eureka,California 
Ceres,California 
Garden City,Michigan 
North Ogden,Utah 
Newburyport,Massachusetts 
Wilton,Connecticut 
Indio,California 
Westminster,California 
Deer Park,Texas 
Garden Grove,California 
Phenix City,Alabama 
Maricopa,Arizona 
Highland,Utah 
Pasco,Washington 
Kansas City,Kansas 
Munster,Indiana 
Coralville,Iowa 
Keystone,Florida 
San Pedro,California 
Gilbert,Arizona 
Canton,Massachusetts 
Rockledge,Florida 
Suisun,California 
Gulfport,Mississippi 
Elkton,Maryland 
Imperial Beach,California 
Lemont,Illinois 
San Luis Obispo,California 
Saint Charles,Illinois 
North Tustin,California 
East Providence,Rhode Island 
Albany,New York 
East Lansing,Michigan 
Spartanburg,South Carolina 
Tulare,California 
Bethany,Oklahoma 
Bay Shore,New York 
Aloha,Oregon 
West Chicago,Illinois 
Landover,Maryland 
Makakilo,Hawaii 
Muskogee,Oklahoma 
Woodstock,Georgia 
Marshfield,Wisconsin 
Maumelle,Arkansas 
Manitowoc,Wisconsin 
Yakima,Washington 
Elkridge,Maryland 
Vincennes,Indiana 
Lents,Oregon 
Perry Hall,Maryland 
Woburn,Massachusetts 
Bozeman,Montana 
San Gabriel,California 
Hudson,Ohio 
Edgewood,Maryland 
Clarksville,Indiana 
Garner,North Carolina 
East Peoria,Illinois 
Hoover,Alabama 
Independence,Missouri 
Palm Valley,Florida 
Oceanside,California 
Canoga Park,California 
Allison Park,Pennsylvania 
Hyattsville,Maryland 
Fayetteville,Arkansas 
Trotwood,Ohio 
Farmington,Missouri 
Holden,Massachusetts 
Norwood,Ohio 
Kennesaw,Georgia 
Commerce City,Colorado 
Kinston,North Carolina 
Harvey,Louisiana 
Columbus,Nebraska 
Howard,Wisconsin 
Chandler,Arizona 
Belleville,New Jersey 
Arcata,California 
Roosevelt,New York 
Elmhurst,Illinois 
Jasmine Estates,Florida 
Arden-Arcade,California 
San Angelo,Texas 
Springfield,Ohio 
Holladay,Utah 
Snellville,Georgia 
Chesterfield,Missouri 
Edison,New Jersey 
Morristown,New Jersey 
Saint Michael,Minnesota 
Moline,Illinois 
Long Branch,New Jersey 
Coeur d'Alene,Idaho 
Green,Ohio 
Farmers Branch,Texas 
El Dorado,Arkansas 
Payson,Utah 
Leavenworth,Kansas 
Eagle Mountain,Utah 
Orcutt,California 
Bradley,Illinois 
Lansing,Michigan 
Sulphur,Louisiana 
Johnson City,Tennessee 
Vicksburg,Mississippi 
Saint Petersburg,Florida 
Bethlehem,Pennsylvania 
Parkville,Maryland 
Port Chester,New York 
Malden,Massachusetts 
Auburn,Massachusetts 
Aurora,Illinois 
Westfield,Indiana 
Northfield,Minnesota 
Flint,Michigan 
Dubuque,Iowa 
Huber Heights,Ohio 
Arcadia,California 
Ashland,Kentucky 
East Moline,Illinois 
Wildomar,California 
Wright,Florida 
Stevens Point,Wisconsin 
Auburn,Washington 
Chino Hills,California 
Austin,Texas 
Delano,California 
Beltsville,Maryland 
Marblehead,Massachusetts 
Dallas,Texas 
South Vineland,New Jersey 
Fort Myers,Florida 
Waverly,Michigan 
Danville,Illinois 
Evanston,Illinois 
Farmington,Minnesota 
Ogden,Utah 
Decatur,Alabama 
Staten Island,New York 
Winston-Salem,North Carolina 
Fallbrook,California 
Kokomo,Indiana 
Barrington,Rhode Island 
Milford,Massachusetts 
Westerly,Rhode Island 
Corsicana,Texas 
Clinton,Maryland 
Lawrence,Kansas 
Myrtle Grove,Florida 
Liberty,Missouri 
East Cleveland,Ohio 
Enterprise,Nevada 
Ramsey,Minnesota 
Beverly Hills,California 
Greeneville,Tennessee 
Lebanon,Tennessee 
Derry Village,New Hampshire 
Los Banos,California 
North Bellmore,New York 
Riverside,Ohio 
West Springfield,Massachusetts 
Austin,Minnesota 
Carson City,Nevada 
Zanesville,Ohio 
Metairie Terrace,Louisiana 
Wesley Chapel,Florida 
Portland,Maine 
Crystal Lake,Illinois 
Hobbs,New Mexico 
Lakewood,Ohio 
Mission Viejo,California 
New South Memphis,Tennessee 
Prairieville,Louisiana 
East Palo Alto,California 
Bayonne,New Jersey 
Canton,Michigan 
Adelphi,Maryland 
Harker Heights,Texas 
Derry,New Hampshire 
Las Cruces,New Mexico 
Junction City,Kansas 
Portland,Oregon 
Fresno,Texas 
Eden Prairie,Minnesota 
Newark,New Jersey 
Elko,Nevada 
Warwick,Rhode Island 
Urbandale,Iowa 
Buffalo Grove,Illinois 
Poway,California 
Dedham,Massachusetts 
Alton,Illinois 
Covina,California 
Kissimmee,Florida 
Beaumont,Texas 
Pottstown,Pennsylvania 
Towson,Maryland 
Andover,Minnesota 
Lexington-Fayette,Kentucky 
Burbank,California 
Merrick,New York 
South Bend,Indiana 
Winchester,Kentucky 
Providence,Rhode Island 
Vernon Hills,Illinois 
Jacksonville Beach,Florida 
North Canton,Ohio 
Davenport,Iowa 
Titusville,Florida 
Queen Creek,Arizona 
Kankakee,Illinois 
Niles,Illinois 
Fort Smith,Arkansas 
Kaysville,Utah 
Lincoln,Nebraska 
Floral Park,New York 
Selma,Alabama 
Setauket-East Setauket,New York 
Lake Zurich,Illinois 
Kentwood,Michigan 
West Bend,Wisconsin 
Madera,California 
Menifee,California 
Rosamond,California 
Des Moines,Washington 
Okolona,Kentucky 
Alsip,Illinois 
East Hill-Meridian,Washington 
Pleasant Hill,California 
Los Gatos,California 
Opportunity,Washington 
Ives Estates,Florida 
Chicopee,Massachusetts 
Havelock,North Carolina 
Granger,Indiana 
Garden City,Kansas 
Hayward,California 
Glen Burnie,Maryland 
Country Club,Florida 
Paragould,Arkansas 
Charlotte,North Carolina 
Upland,California 
Euclid,Ohio 
Ithaca,New York 
Sioux City,Iowa 
Oconomowoc,Wisconsin 
Iowa City,Iowa 
Plainview,Texas 
University,Florida 
Madison,Mississippi 
Middletown, 
Cutler Ridge,Florida 
Greenburgh,New York 
Arnold,Missouri 
Omaha,Nebraska 
Longmeadow,Massachusetts 
Prichard,Alabama 
Mount Vernon,Illinois 
Yucaipa,California 
Medford,Massachusetts 
Newton,Kansas 
Calverton,Maryland 
Pooler,Georgia 
Green Haven,Maryland 
Monterey Park,California 
Hot Springs National Park,Arkansas 
Macon,Georgia 
Stow,Ohio 
Olympia,Washington 
Helena,Montana 
Port Washington,New York 
Herriman,Utah 
Chelmsford,Massachusetts 
Clinton,Mississippi 
Marina,California 
Wilsonville,Oregon 
Cibolo,Texas 
Englewood,New Jersey 
Kenner,Louisiana 
Gallatin,Tennessee 
Holt,Michigan 
De Pere,Wisconsin 
Pacific Grove,California 
Brookhaven,Georgia 
Rochester,New Hampshire 
Framingham,Massachusetts 
Denton,Texas 
Fern Creek,Kentucky 
Whitehall Township,Pennsylvania 
Wyoming,Michigan 
Madison Heights,Michigan 
Rockville Centre,New York 
Roseville,California 
Burbank,Illinois 
Upper Arlington,Ohio 
Cartersville,Georgia 
San Bruno,California 
Hesperia,California 
Marrero,Louisiana 
Cypress,Texas 
Hamtramck,Michigan 
Bell,California 
Gillette,Wyoming 
Gardner,Kansas 
Reading,Pennsylvania 
Quincy,Illinois 
Casselberry,Florida 
Peoria,Illinois 
Beacon,New York 
Hannibal,Missouri 
Ypsilanti,Michigan 
Smyrna,Tennessee 
Pleasant Prairie,Wisconsin 
Syosset,New York 
Groves,Texas 
South Laurel,Maryland 
Enchanted Hills,New Mexico 
Secaucus,New Jersey 
Hueytown,Alabama 
Plainview,New York 
Wyandotte,Michigan 
Paramus,New Jersey 
Warren Township,New Jersey 
Ilchester,Maryland 
Binghamton,New York 
Duluth,Minnesota 
Rochester,New York 
Parker,Colorado 
Wilmette,Illinois 
Gurnee,Illinois 
Montebello,California 
Walla Walla,Washington 
Lutz,Florida 
Lacey,Washington 
Hinesville,Georgia 
Rosemount,Minnesota 
Grayslake,Illinois 
Concord,California 
East Lake,Florida 
Ankeny,Iowa 
Montgomery,Alabama 
South Salt Lake,Utah 
Johns Creek,Georgia 
Beloit,Wisconsin 
Altadena,California 
Tinley Park,Illinois 
Council Bluffs,Iowa 
Norwalk,Ohio 
Bethpage,New York 
Belton,Missouri 
La Crescenta-Montrose,California 
Lauderhill,Florida 
Glenvar Heights,Florida 
Portsmouth,New Hampshire 
Lexington,Massachusetts 
Asheboro,North Carolina 
Colleyville,Texas 
Shafter,California 
Tempe Junction,Arizona 
Redford,Michigan 
Bellflower,California 
Layton,Utah 
Southchase,Florida 
City of Sammamish,Washington 
Norco,California 
Salisbury,North Carolina 
Centralia,Washington 
Matteson,Illinois 
Urbana,Illinois 
Pittsburgh,Pennsylvania 
Champlin,Minnesota 
Hanford,California 
Echo Park,California 
Lowell,Massachusetts 
Fort Washington,Maryland 
Edgewater,Florida 
Ridgecrest,California 
Santa Cruz,California 
Reynoldsburg,Ohio 
Chico,California 
Waterford,Michigan 
Brawley,California 
Valley Stream,New York 
Sikeston,Missouri 
Mount Vernon,Ohio 
Columbus,Ohio 
Sherrelwood,Colorado 
Cockeysville,Maryland 
Cincinnati,Ohio 
Channelview,Texas 
Three Lakes,Florida 
Monroeville,Pennsylvania 
Kingsland,Georgia 
Alum Rock,California 
The Bronx,New York 
Potomac,Maryland 
The Hammocks,Florida 
Waipahu,Hawaii 
Springfield,Massachusetts 
Westminster,Colorado 
Lima,Ohio 
Belmont,California 
North Amityville,New York 
Lubbock,Texas 
Bear,Delaware 
Johnston,Iowa 
Seattle,Washington 
Shelby,North Carolina 
Oshkosh,Wisconsin 
Fullerton,California 
Lakeville,Minnesota 
Fairfield,California 
Columbia,Tennessee 
Dover,New Jersey 
Ramona,California 
Banning,California 
National City,California 
Miamisburg,Ohio 
Natchitoches,Louisiana 
Beaver Dam,Wisconsin 
Springfield,Missouri 
Duncan,Oklahoma 
Islip,New York 
Bloomingdale,Illinois 
Mount Juliet,Tennessee 
Winchester,Massachusetts 
Ashland,Ohio 
Moses Lake,Washington 
Compton,California 
Woodstock,Illinois 
Billerica,Massachusetts 
Oak Ridge,Florida 
Dearborn,Michigan 
Sanford,Florida 
Middletown,Rhode Island 
Washington,Illinois 
Greeley,Colorado 
Galesburg,Illinois 
Trussville,Alabama 
Frankfort,Indiana 
Weymouth,Massachusetts 
Mountain Top,Pennsylvania 
Montclair,New Jersey 
South Bel Air,Maryland 
Meads,Kentucky 
Palm River-Clair Mel, 
Dania Beach,Florida 
Miami Gardens,Florida 
Shoreline,Washington 
Westfield,Massachusetts 
Chillum,Maryland 
Grandview,Missouri 
Willoughby,Ohio 
San Jose,California 
Hilliard,Ohio 
Turlock,California 
Bullhead City,Arizona 
Prairie Village,Kansas 
Rutland,Vermont 
New City,New York 
Hopatcong,New Jersey 
Eustis,Florida 
Glenview,Illinois 
Palmetto Bay,Florida 
Hopkins,Minnesota 
Milwaukie,Oregon 
Cleveland,Tennessee 
Bel Air North,Maryland 
Saint Joseph,Missouri 
New Bern,North Carolina 
Salt Lake City,Utah 
Clifton,Colorado 
Ennis,Texas 
Town 'n' Country,Florida 
Cloverly,Maryland 
Goleta,California 
Cornelius,North Carolina 
Creve Coeur,Missouri 
Syracuse,New York 
Twin Falls,Idaho 
Everett,Washington 
Rohnert Park,California 
Lockport,New York 
Ferndale,Maryland 
Avon Center,Ohio 
Maplewood,New Jersey 
Madisonville,Kentucky 
Rancho Palos Verdes,California 
Pennsauken,New Jersey 
Montrose,Colorado 
Waterloo,Iowa 
New Castle,Pennsylvania 
Morrisville,North Carolina 
Wheeling,Illinois 
Greenbelt,Maryland 
Mililani Town,Hawaii 
Arvada,Colorado 
Woodbury,Minnesota 
Cuyahoga Falls,Ohio 
Wheaton,Illinois 
Mansfield,Massachusetts 
Sanford,North Carolina 
Pasadena,Maryland 
Plant City,Florida 
Hackensack,New Jersey 
Burlington,Iowa 
Maple Grove,Minnesota 
Concord,Missouri 
Laurel,Maryland 
Farragut,Tennessee 
Forest Grove,Oregon 
Gainesville,Florida 
Radnor,Pennsylvania 
Boise,Idaho 
Vineland,New Jersey 
Princeton,Florida 
O'Fallon,Illinois 
Saint Clair Shores,Michigan 
Burnsville,Minnesota 
Wilson,North Carolina 
Rocklin,California 
Collinsville,Illinois 
Covington,Kentucky 
Douglas,Arizona 
Apple Valley,Minnesota 
Elkhart,Indiana 
Naples,Florida 
Plainfield,Illinois 
Colchester,Vermont 
Placentia,California 
Plainfield,New Jersey 
Tacoma,Washington 
Cherry Hill,New Jersey 
Levittown,New York 
San Dimas,California 
Petaluma,California 
Springboro,Ohio 
Wheaton,Maryland 
Bella Vista,Arkansas 
Chino,California 
Tracy,California 
Centerville,Ohio 
Redwood City,California 
Livonia,Michigan 
Edinburg,Texas 
Cottage Lake,Washington 
Elyria,Ohio 
Estelle,Louisiana 
Willow Grove,Pennsylvania 
Davis,California 
White Plains,New York 
Pickerington,Ohio 
Olney,Maryland 
Belmont,Massachusetts 
Jamaica Plain,Massachusetts 
Alexandria,Louisiana 
North Creek,Washington 
Blue Island,Illinois 
Carmel,Indiana 
Jenison,Michigan 
Palisades Park,New Jersey 
Wheeling,West Virginia 
Kailua,Hawaii 
DeBary,Florida 
Long Beach,New York 
North Arlington,New Jersey 
Niles,Ohio 
Upper Saint Clair,Pennsylvania 
Palm City,Florida 
Euless,Texas 
Riverdale,Georgia 
Adelanto,California 
Dyer,Indiana 
Ozark,Missouri 
Medford,Oregon 
Franklin,Massachusetts 
Crawfordsville,Indiana 
Hanover,Maryland 
Wakefield,Massachusetts 
Mill Creek,Washington 
Berkeley,California 
Belvedere Park,Georgia 
Biddeford,Maine 
South Gate,Maryland 
Vero Beach,Florida 
Point Pleasant,New Jersey 
Yucca Valley,California 
Opa-locka,Florida 
Bellmore,New York 
Milwaukee,Wisconsin 
New Hope,Minnesota 
Hunt Valley,Maryland 
Oxon Hill,Maryland 
Carol Stream,Illinois 
Oak Hill,Virginia 
Bend,Oregon 
Coppell,Texas 
Nanuet,New York 
Grand Junction,Colorado 
Palmer,Massachusetts 
Cranford,New Jersey 
Scranton,Pennsylvania 
Oxford,Mississippi 
Woodlawn,Maryland 
Aiken,South Carolina 
Wyckoff,New Jersey 
Midwest City,Oklahoma 
Mobile,Alabama 
East Orange,New Jersey 
Albany,Oregon 
Oak Forest,Illinois 
Provo,Utah 
Oklahoma City,Oklahoma 
Brownwood,Texas 
Gainesville,Texas 
Rutherford,New Jersey 
Post Falls,Idaho 
Cooper City,Florida 
Golden Glades,Florida 
Renton,Washington 
Flagstaff,Arizona 
Willmar,Minnesota 
Lake Oswego,Oregon 
Burton,Michigan 
Brighton,Colorado 
Easton,Maryland 
Goldsboro,North Carolina 
Tamarac,Florida 
Edina,Minnesota 
Shrewsbury,Massachusetts 
Joplin,Missouri 
Merritt Island,Florida 
Casa de Oro-Mount Helix,California 
Bristol,Connecticut 
Parkland,Florida 
Louisville,Kentucky 
Brigham City,Utah 
Yarmouth,Massachusetts 
Marshalltown,Iowa 
Kennewick,Washington 
‘Ewa Gentry,Hawaii 
Vandalia,Ohio 
Selden,New York 
Delray Beach,Florida 
Santa Ana,California 
Tumwater,Washington 
Round Lake Beach,Illinois 
Central,Louisiana 
Central Falls,Rhode Island 
Kenmore,Washington 
Watsonville,California 
Irvington,New Jersey 
Broomfield,Colorado 
Sterling Heights,Michigan 
Allen Park,Michigan 
Montgomery,Illinois 
Cary,Illinois 
El Segundo,California 
Anderson,Indiana 
Center Point,Alabama 
Aliso Viejo,California 
New Brighton,Minnesota 
Downers Grove,Illinois 
Haltom City,Texas 
Waltham,Massachusetts 
Balch Springs,Texas 
Orangevale,California 
San Luis,Arizona 
Pleasant Grove,Utah 
Brushy Creek,Texas 
Sapulpa,Oklahoma 
Kalamazoo,Michigan 
North Bergen,New Jersey 
Spanish Springs,Nevada 
Jefferson City,Missouri 
Eden,North Carolina 
East Northport,New York 
Greenfield,Massachusetts 
Des Moines,Iowa 
Wake Forest,North Carolina 
Norton,Massachusetts 
Shelbyville,Tennessee 
Moorpark,California 
Erie,Pennsylvania 
Kent,Washington 
Fuquay-Varina,North Carolina 
Hilo,Hawaii 
Pinewood,Florida 
Emporia,Kansas 
Logan,Utah 
Spring Valley,California 
Manchester,New Hampshire 
Portsmouth,Ohio 
Edwardsville,Illinois 
Racine,Wisconsin 
La Vista,Nebraska 
Westchester,Florida 
Bedford,New Hampshire 
Conyers,Georgia 
Alpharetta,Georgia 
Clarksdale,Mississippi 
Champaign,Illinois 
Summerville,South Carolina 
Gladstone,Missouri 
Riviera Beach,Florida 
Novato,California 
Lawrence,Indiana 
Hicksville,New York 
Greenwood,Indiana 
East Longmeadow,Massachusetts 
Whitney,Nevada 
Homestead,Florida 
Camas,Washington 
Beaumont,California 
Atascadero,California 
West Carson,California 
Holtsville,New York 
San Rafael,California 
North Hollywood,California 
Dublin,California 
Pinellas Park,Florida 
Normal,Illinois 
Ocala,Florida 
Rocky Mount,North Carolina 
Taylorsville,Utah 
Indian Trail,North Carolina 
Temple Terrace,Florida 
Bell Gardens,California 
Jenks,Oklahoma 
Egypt Lake-Leto,Florida 
Framingham Center,Massachusetts 
Kuna,Idaho 
Henderson,Kentucky 
Morgan Hill,California 
Hastings,Nebraska 
South Jordan,Utah 
Woonsocket,Rhode Island 
Monroe,Washington 
Xenia,Ohio 
Sparks,Nevada 
Longview,Washington 
Santa Monica,California 
Amherst Center,Massachusetts 
Hollywood,California 
Port Angeles,Washington 
Holly Springs,North Carolina 
University City,Missouri 
Kansas City,Missouri 
Belleville,Illinois 
Elizabethtown,Kentucky 
Harrisburg,Pennsylvania 
Port Hueneme,California 
Eastchester,New York 
Bloomingdale,Florida 
Bay City,Michigan 
Beverly,Massachusetts 
Nashua,New Hampshire 
Waukegan,Illinois 
Wekiwa Springs,Florida 
Highview,Kentucky 
Winter Springs,Florida 
Rancho Santa Margarita,California 
Baldwin,New York 
Affton,Missouri 
Grapevine,Texas 
Odessa,Texas 
Fort Hunt,Virginia 
Hendersonville,Tennessee 
Pocatello,Idaho 
Kahului,Hawaii 
Alhambra,California 
Medford,New York 
Maryland Heights,Missouri 
Hammond,Louisiana 
Carmichael,California 
South El Monte,California 
Castro Valley,California 
Gardena,California 
Mount Pleasant,South Carolina 
Whitehall,Ohio 
Logansport,Indiana 
Talladega,Alabama 
Fountainebleau,Florida 
Clermont,Florida 
Green Bay,Wisconsin 
New Smyrna Beach,Florida 
Opelika,Alabama 
Burlington,Kentucky 
East Meadow,New York 
Cloverleaf,Texas 
Lompoc,California 
Greenville,Mississippi 
Amesbury,Massachusetts 
Broadview Heights,Ohio 
Bixby,Oklahoma 
Rosemont,California 
Fridley,Minnesota 
Altamont,Oregon 
Moscow,Idaho 
Monterey,California 
Menomonee Falls,Wisconsin 
Durango,Colorado 
Worcester,Massachusetts 
Lake Worth Corridor,Florida 
Kirksville,Missouri 
Raleigh,North Carolina 
Shelby,Michigan 
Warrensburg,Missouri 
Franklin Square,New York 
Dickinson,Texas 
Clovis,California 
Summit,New Jersey 
North Peoria,Illinois 
Owatonna,Minnesota 
Plainfield,Indiana 
Apache Junction,Arizona 
Decatur,Illinois 
Sterling,Illinois 
Randolph,New Jersey 
Leisure City,Florida 
Defiance,Ohio 
Yuma,Arizona 
Davie,Florida 
Crofton,Maryland 
Lawrence,Massachusetts 
Downey,California 
Santa Fe,New Mexico 
Millville,New Jersey 
Johnstown,Pennsylvania 
Laurel,Mississippi 
Fairbanks,Alaska 
Watertown,Wisconsin 
Edmonds,Washington 
Nipomo,California 
Plantation,Florida 
Florin,California 
State College,Pennsylvania 
Angleton,Texas 
Harlingen,Texas 
Coronado,California 
Oswego,New York 
Mauldin,South Carolina 
Gresham,Oregon 
Tifton,Georgia 
Eau Claire,Wisconsin 
Washington, D.C.,District of Columbia 
Solon,Ohio 
Merrillville,Indiana 
Truckee,California 
Colton,California 
Glendale,California 
Brunswick,Maine 
Marlboro,New Jersey 
Northampton,Massachusetts 
Hopkinsville,Kentucky 
Cedar City,Utah 
Wayne,New Jersey 
Hawthorne,California 
Holiday,Florida 
Shorewood,Illinois 
Palm Harbor,Florida 
Fairhaven,Massachusetts 
Middletown,New York 
Westbury,New York 
Whittier,California 
Paramount,California 
North Decatur,Georgia 
Chelsea,Massachusetts 
Salinas,California 
Reno,Nevada 
Teaneck,New Jersey 
Kernersville,North Carolina 
Citrus Park,Florida 
Garfield,New Jersey 
Manhattan,Kansas 
Chula Vista,California 
Little Rock,Arkansas 
Norristown,Pennsylvania 
Bellview,Florida 
Royal Oak,Michigan 
Massapequa,New York 
Keene,New Hampshire 
Norton Shores,Michigan 
Hickory,North Carolina 
Seal Beach,California 
Magna,Utah 
Inver Grove Heights,Minnesota 
Albuquerque,New Mexico 
Paso Robles,California 
Grand Forks,North Dakota 
Glen Cove,New York 
Spokane Valley,Washington 
Rancho Mirage,California 
Elmwood Park,New Jersey 
Grove City,Ohio 
Sedalia,Missouri 
Canton,Georgia 
Cookeville,Tennessee 
Coconut Grove,Florida 
Lino Lakes,Minnesota 
Yukon,Oklahoma 
New York City,New York 
Colorado Springs,Colorado 
Bethany,Oregon 
Cimarron Hills,Colorado 
Middletown,Ohio 
Kalispell,Montana 
North Bay Shore,New York 
Gaithersburg,Maryland 
Brandon,Florida 
Carbondale,Illinois 
East Riverdale,Maryland 
Perth Amboy,New Jersey 
Lake in the Hills,Illinois 
Tiffin,Ohio 
Coral Gables,Florida 
Bossier City,Louisiana 
Evans,Georgia 
Methuen,Massachusetts 
El Paso,Texas 
Gahanna,Ohio 
Milton,Massachusetts 
Harvey,Illinois 
Decatur,Georgia 
East Brainerd,Tennessee 
Country Club Hills,Illinois 
Key West,Florida 
Joliet,Illinois 
Springfield,Illinois 
Clayton,North Carolina 
East Florence,Alabama 
North Aurora,Illinois 
Lorain,Ohio 
Arroyo Grande,California 
West Babylon,New York 
Great Bend,Kansas 
Godfrey,Illinois 
Englewood,Colorado 
Back Mountain,Pennsylvania 
Pico Rivera,California 
Kendall,Florida 
Dixon,Illinois 
Menlo Park,California 
Lake Charles,Louisiana 
Draper,Utah 
Rock Hill,South Carolina 
Rye,New York 
Owensboro,Kentucky 
Coconut Creek,Florida 
Summerlin South,Nevada 
Norwalk,California 
Commack,New York 
Greer,South Carolina 
Woodridge,Illinois 
Palm Springs,California 
South Plainfield,New Jersey 
West Linn,Oregon 
Country Walk,Florida 
Severn,Maryland 
Niagara Falls,New York 
Goshen,Indiana 
Okemos,Michigan 
North Lauderdale,Florida 
Mira Loma,California 
Troutdale,Oregon 
Fort Wayne,Indiana 
Sandy Hills,Utah 
University Park, 
Williamsport,Pennsylvania 
Gloversville,New York 
Burien,Washington 
Oak Lawn,Illinois 
Norfolk,Nebraska 
Anaheim,California 
Madison,Wisconsin 
Mount Clemens,Michigan 
Bradenton,Florida 
Lenoir,North Carolina 
Garland,Texas 
West Valley City,Utah 
McAlester,Oklahoma 
Brookfield,Illinois 
Borough of Queens,New York 
Sicklerville,New Jersey 
San Clemente,California 
Owasso,Oklahoma 
Antelope,California 
Santa Rosa,California 
Coram,New York 
Irvine,California 
Bakersfield,California 
Oakdale,California 
Anacortes,Washington 
Clemmons,North Carolina 
Asbury Park,New Jersey 
Westerville,Ohio 
Eldersburg,Maryland 
Garfield Heights,Ohio 
Ashtabula,Ohio 
Mansfield,Ohio 
Wolcott,Connecticut 
Abington,Massachusetts 
Woodland Hills,California 
Kearny,New Jersey 
West Orange,New Jersey 
Winchester,Nevada 
Weirton,West Virginia 
Adrian,Michigan 
Troy,Michigan 
Muncie,Indiana 
Montgomery Village,Maryland 
South Portland,Maine 
Pueblo West,Colorado 
Acton,Massachusetts 
Wooster,Ohio 
Newark,Delaware 
Saint Andrews,South Carolina 
Carrollwood Village,Florida 
Maple Valley,Washington 
Flower Mound,Texas 
Bloomfield,New Jersey 
Freeport,Illinois 
Prior Lake,Minnesota 
Schaumburg,Illinois 
Swansea,Massachusetts 
West Puente Valley,California 
Gautier,Mississippi 
Dover,Delaware 
Fitchburg,Massachusetts 
Glen Avon,California 
Beaverton,Oregon 
Watertown,New York 
Camden,New Jersey 
West Lafayette,Indiana 
Alafaya,Florida 
Humble,Texas 
El Centro,California 
Aurora,Colorado 
Highlands Ranch,Colorado 
San Francisco,California 
Troy,Alabama 
West Des Moines,Iowa 
Spokane,Washington 
Pompano Beach,Florida 
Enterprise,Alabama 
Charleston,South Carolina 
Williamstown,New Jersey 
Lebanon,Oregon 
Gainesville,Georgia 
Colonia,New Jersey 
Bay Village,Ohio 
Massillon,Ohio 
Vero Beach South,Florida 
Monroe,Michigan 
North Port,Florida 
Pearl City,Hawaii 
Boca Raton,Florida 
Riverbank,California 
Garden City,New York 
Norman,Oklahoma 
Carpentersville,Illinois 
Newberg,Oregon 
Fort Leonard Wood,Missouri 
Deltona,Florida 
Paradise,Nevada 
Middle River,Maryland 
Sandy City,Utah 
Tucson,Arizona 
Overland Park,Kansas 
Elk River,Minnesota 
Pendleton,Oregon 
Richmond,Kentucky 
Burleson,Texas 
Merced,California 
Nixa,Missouri 
Independence,Kentucky 
Bridgeport,Connecticut 
Bayou Cane,Louisiana 
Hercules,California 
San Mateo,California 
Allapattah,Florida 
Pekin,Illinois 
Murrieta,California 
Newburg,Kentucky 
Van Buren,Arkansas 
Tamiami,Florida 
Des Plaines,Illinois 
Frankfort,Kentucky 
New Orleans,Louisiana 
DeLand,Florida 
Santee,California 
North Glendale,California 
North Providence,Rhode Island 
Chicago,Illinois 
Fremont,Nebraska 
Hemet,California 
Greenacres City,Florida 
Jacksonville,Illinois 
Belvidere,Illinois 
North Chicago,Illinois 
Lochearn,Maryland 
Honolulu,Hawaii 
Eugene,Oregon 
Palatine,Illinois 
Cedar Park,Texas 
Carlsbad,New Mexico 
Ferry Pass,Florida 
Newport,Rhode Island 
Meadow Woods,Florida 
College Park,Maryland 
Miami,Florida 
West Torrington,Connecticut 
Hanahan,South Carolina 
Brentwood Estates,Tennessee 
Rio Rico,Arizona 
Marietta,Georgia 
Gatesville,Texas 
Lewiston Orchards,Idaho 
Lindenwold,New Jersey 
DeSoto,Texas 
Wichita,Kansas 
Fort Collins,Colorado 
Bellaire,Texas 
Brookline,Massachusetts 
Winter Gardens,California 
Russellville,Arkansas 
Rio Linda,California 
West Haven,Connecticut 
Evans,Colorado 
Wellesley,Massachusetts 
Boulder,Colorado 
Cutler Bay,Florida 
Canyon Lake,Texas 
Orinda,California 
Los Angeles,California 
Lomita,California 
Bensonhurst,New York 
Palm Coast,Florida 
Centereach,New York 
Canton,Ohio 
Knoxville,Tennessee 
Aurora,Ohio 
Gloucester,Massachusetts 
Cleburne,Texas 
Inglewood-Finn Hill,Washington 
Iona,Florida 
Topeka,Kansas 
Roy,Utah 
Marlborough,Massachusetts 
Manhattan,New York 
New Berlin,Wisconsin 
Columbus,Georgia 
Thornton,Colorado 
Sunrise,Florida 
City of Milford (balance),Connecticut 
Oak Grove,Oregon 
White Oak,Ohio 
Tonawanda,New York 
Cabot,Arkansas 
Goodyear,Arizona 
Evansville,Indiana 
Deerfield,Illinois 
Hereford,Texas 
Upper Alton,Illinois 
Sumter,South Carolina 
Margate,Florida 
Escondido,California 
Soledad,California 
Harrison,New York 
Florence,Arizona 
Somerset,Massachusetts 
Boone,North Carolina 
San Lorenzo,California 
Hillside,New Jersey 
Aldine,Texas 
Fresno,California 
Nutley,New Jersey 
Huntington Beach,California 
Marion,Ohio 
Ukiah,California 
Hays,Kansas 
Brighton,New York 
Cutler,Florida 
Holyoke,Massachusetts 
Beverly Cove,Massachusetts 
High Point,North Carolina 
Oregon,Ohio 
Hilton Head Island,South Carolina 
Bowling Green,Kentucky 
Ronkonkoma,New York 
New Rochelle,New York 
Dyersburg,Tennessee 
Clinton,Iowa 
Estero,Florida 
Sayville,New York 
La Crosse,Wisconsin 
Covington,Washington 
Maryland City,Maryland 
Wayne,Pennsylvania 
Yorkville,Illinois 
Bridgeview,Illinois 
Charleston,Illinois 
Cheyenne,Wyoming 
East Point,Georgia 
Spring Valley,New York 
Glen Ellyn,Illinois 
Millbrae,California 
Immokalee,Florida 
New Bedford,Massachusetts 
Oswego,Illinois 
Muscatine,Iowa 
Westford,Massachusetts 
Lake Shore,Maryland 
Steubenville,Ohio 
Brentwood,New York 
Sarasota,Florida 
Berea,Ohio 
New Lenox,Illinois 
Mount Prospect,Illinois 
Rockville,Maryland 
Brooklyn,New York 
Lewiston,Maine 
Desert Hot Springs,California 
Birmingham,Alabama 
Oak Park,Michigan 
Cambridge,Massachusetts 
Huntley,Illinois 
Huntington Station,New York 
Westmont,California 
Mercer Island,Washington 
Bismarck,North Dakota 
Richfield,Minnesota 
Brunswick,Ohio 
Tukwila,Washington 
Springville,Utah 
Westchase,Florida 
Gilroy,California 
Copiague,New York 
Troy,New York 
Windsor,California 
Missoula,Montana 
Louisville,Colorado 
Oxford,Alabama 
Melrose Park,Illinois 
Long Island City,New York 
Reisterstown,Maryland 
Mead Valley,California 
Minnetonka Mills,Minnesota 
Bellwood,Illinois 
Baldwin,Pennsylvania 
Sheridan,Wyoming 
Owosso,Michigan 
Griffin,Georgia 
Stockton,California 
North Salt Lake,Utah 
Lexington,Kentucky 
Greenville,South Carolina 
Smithtown,New York 
Bowie,Maryland 
Ponca City,Oklahoma 
Michigan City,Indiana 
Sanger,California 
Smyrna,Georgia 
Boca Del Mar,Florida 
Parsippany,New Jersey 
Bowling Green,Ohio 
Moore,Oklahoma 
East Lake-Orient Park,Florida 
Orem,Utah 
East Saint Louis,Illinois 
Fruit Cove,Florida 
Painesville,Ohio 
Elk Grove Village,Illinois 
Georgetown,Texas 
Bellevue,Nebraska 
Red Wing,Minnesota 
Central Islip,New York 
Thousand Oaks,California 
Santa Barbara,California 
Homewood,Alabama 
Franklin,Wisconsin 
Windsor,Connecticut 
Essex,Maryland 
West Palm Beach,Florida 
Kendale Lakes,Florida 
West Memphis,Arkansas 
Nogales,Arizona 
Walker,Michigan 
Natchez,Mississippi 
Ocean Springs,Mississippi 
Glassboro,New Jersey 
Bel Air South,Maryland 
Lakeside,Florida 
Kiryas Joel,New York 
Freeport,New York 
Akron,Ohio 
Derby,Kansas 
Flowing Wells,Arizona 
Coachella,California 
Hagerstown,Maryland 
Saratoga,California 
Wenatchee,Washington 
Gastonia,North Carolina 
North La Crosse,Wisconsin 
Peoria,Arizona 
Fishers,Indiana 
Rocky River,Ohio 
Redland,Maryland 
Chambersburg,Pennsylvania 
Mitchell,South Dakota 
Watertown,Massachusetts 
Wauwatosa,Wisconsin 
Rome,Georgia 
Pasadena,California 
Wade Hampton,South Carolina 
South Valley,New Mexico 
Murray,Kentucky 
Huntington Park,California 
East Brunswick,New Jersey 
Meridian,Idaho 
Machesney Park,Illinois 
Hoffman Estates,Illinois 
Redan,Georgia 
Rexburg,Idaho 
Kenmore,New York 
Forest Park,Georgia 
Sunnyside,Washington 
Marysville,Washington 
West Mifflin,Pennsylvania 
Parma Heights,Ohio 
Saco,Maine 
Brockton,Massachusetts 
Atlanta,Georgia 
Deerfield Beach,Florida 
Nicholasville,Kentucky 
Minneapolis,Minnesota 
Rochester Hills,Michigan 
Aspen Hill,Maryland 
Brunswick,Georgia 
Lynbrook,New York 
Holland,Michigan 
Sugar Hill,Georgia 
Concord,Massachusetts 
Lombard,Illinois 
Norland,Florida 
Pearl River,New York 
Brooklyn Park,Minnesota 
Phoenix,Arizona 
Salem,Massachusetts 
Miami Beach,Florida 
Toms River,New Jersey 
Danvers,Massachusetts 
Columbia Heights,Minnesota 
Corinth,Texas 
Richmond,California 
Alameda,California 
Cerritos,California 
Santa Clara,California 
San Marcos,California 
Sun City Center,Florida 
Augusta,Georgia 
Rossville,Maryland 
Conway,South Carolina 
Frederickson,Washington 
Newark,Ohio 
Durant,Oklahoma 
McMinnville,Oregon 
Westchester,Illinois 
Warren,Ohio 
Columbine,Colorado 
Greenville,North Carolina 
Prunedale,California 
Sunset,Florida 
Klamath Falls,Oregon 
Battle Ground,Washington 
Apple Valley,California 
Columbia,South Carolina 
Walnut Park,California 
Mishawaka,Indiana 
Glendale,Arizona 
Tualatin,Oregon 
Avon,Ohio 
Boyle Heights,California 
South Yuba City,California 
Columbia,Missouri 
Crown Point,Indiana 
Webster Groves,Missouri 
Meridian,Mississippi 
Weston,Florida 
Passaic,New Jersey 
Westmont,Illinois 
Fortuna Foothills,Arizona 
Mattoon,Illinois 
Lockport,Illinois 
North Bel Air,Maryland 
Waterville,Maine 
Sacramento,California 
Suwanee,Georgia 
Madison,Alabama 
Land O' Lakes,Florida 
Mentor,Ohio 
Laconia,New Hampshire 
South Boston,Massachusetts 
Rock Island,Illinois 
Danville,California 
Loma Linda,California 
Susanville,California 
North Tonawanda,New York 
Somerville,Massachusetts 
Annapolis,Maryland 
Cypress,California 
Burlington,North Carolina 
Griffith,Indiana 
Terrytown,Louisiana 
Moreno Valley,California 
Braintree,Massachusetts 
Ridgewood,New Jersey 
Central Point,Oregon 
Hattiesburg,Mississippi 
Yorba Linda,California 
Naperville,Illinois 
Rancho Cucamonga,California 
Oakdale,Minnesota 
Union City,Georgia 
Lehi,Utah 
Elizabeth City,North Carolina 
Franklin,Tennessee 
Miramar,Florida 
El Dorado Hills,California 
Quincy,Massachusetts 
Danville,Kentucky 
Foster City,California 
Opelousas,Louisiana 
Bloomington,Indiana 
Jeffersontown,Kentucky 
Huntsville,Alabama 
Winter Park,Florida 
Port Orange,Florida 
Safety Harbor,Florida 
Westlake,Ohio 
Gary,Indiana 
Henderson,Nevada 
Roseburg,Oregon 
Henderson,North Carolina 
Dothan,Alabama 
North Kingstown,Rhode Island 
St. Marys,Georgia 
Pinole,California 
